Review_ID,Truly_Predicted_Class,Original_Text,Explanation,Label
884,Positive,absolute honor reviewer phila upenn broken various rooms homey em makes safe handedly made winter bearable eyes tuaca toddie amish grilled sandwich fave tho dish organic experience someone meal philly without dog ,absolute various makes eyes grilled 
7997,Negative,yuks ppl run rather grade eatery open usa destroy dish well one taste however bare min plz making yesterday saturday night one appreciated rush taste rest road know nightmare ordering listwise dal screwd apart thrid torture dal batti pav taste due deadly dal pav bhaji front pakoda bread pakoda pakoda coz india atleast relished paneer fact add case plain paneer sucks pakoda shake seemed sipping sort water deadly place chat say staff sucks staff tastebuds toss ,run rather one taste however 
590,Positive,make greek good feels outstanding clay pots ceiling ok nothing friends ordering appetizers split main whole lamb fried zucchini grilled octopus thoroughly experience say back ,make greek good feels outstanding 
6644,Negative,reviews jersey monthly magazine try hut pita also montclair ordering kabob pita difference big nice crunch old highly used high attacked sting salad pita falafels comparison falafel well flavor mix balanced flavors conclusion falafel rated kabob pita tender stuffed pita took ratio way every great lamb absorb bites beyond pita also touted monthly cheesesteak stuffed meat cheesesteak ,ordering difference used high salad 
172,Positive,give joey vento politics shove finger since hygiene probably pass select though best steak area said behind dumbfuck cooked perfection first pork sandwich actually compliment staff always patrons well always officer fundraisers lot whether philadelphia police respect lives piece neighborhoods also love old italian men morning coffee breeze lit benches shore feeling clientele days heavy drinking perfect bike ride away ,joey vento probably pass select 
7845,Negative,say moved rahway im businesses mode visiting town hopes pulling parking lot best mexican yay good food part first disagree lot posters liked bit good tortillas set table crisp short chicken dishes chicken taco bland much going seasoned used salt beans rice take dish others flan dessert smooth consistency local business goes ,im businesses mode town parking 
213,Positive,point homemade vegan plate figs onion jam cashew type spread amazing carmelized stuffed really red tasty beet concoction maple roasted lima beans good little tough veg felt liked restaurant open long experience wait staff learning place lot vegetarian options hope regular full ,homemade plate type amazing really 
198,Negative,honestly hoopla hopefully going returning gave part little denial disappointed short pretty big guess first sign food may quality momma type patience service cute faced restaurant unfortunately raining went bread stale pepper made calamari casino mozzarella coconut shrimp shrimp whatever although everything tasty obviously frozen appetizers pre made best super chewy even finish food type seafood spinach sounded interesting seafood looks appetizing chewy weird weird yellow thing explain inside looked fresh shrimp scallops super either frozen picture overall great smell actually made little delicious bf got chicken mimosa seemed ended home expensive appetizer one plus byob honest see many chance ,honestly going returning gave disappointed 
361,Positive,philly sponsor underdogs place revolutionary drapes walls clenched artwork welcoming say might want return gold standard tell underdogs less concerned ben bernanke putting great buns july ones store sturdy crackly chewy enough make appreciate quality rolls bread ratio paramount pepper probably nicely lagers craving happen chihuahua queso blanco play sharp peanut taste dog marries well crispy slaw want kind noodle fries merit unless better writer finish lazily five guys greasy bag peel spuds another cult ish come utah worth following blindly ketchup mayo stop face forms surprisingly condiment smooth concoction juice kicks palate brine nothing chocolate nice think well typically dipping sauce second cents least ,underdogs place walls say might 
1321,Negative,corned beef told yea happens sharp got dish two small happen anywhere else whatever kale good bit much lemon vinaigrette place food whole chicken thing servers lack let anything want two stars nice will take two stars northern spy better minute wait hype ,told happens got two else 
125,Positive,taste test multiple still wins greasy newsflash eating cheesesteak buttery wit cheese whiz onions shaved meat want issues star quality good good take meat everything else comes territory philly know really care line always looong everyone gets win ,multiple buttery whiz onions good 
2514,Negative,appeared top unfortunate girls extremely omelette way dont usually let response incredulous uhhh expecting sort comp polenta fries cut thick barely crispy well huevos food underwhelming service hipster snotty much options available try cafe fantastic friendly service properly eggs ,appeared top girls extremely omelette 
258,Positive,time line line old bric brac much almost uninviting case soon someone comes wait drizzled super inviting line although large groups cozy neon inside room diner outside right next also next dishes potato pancakes overly generous baked mine turkey sausage well really favorite thing kinda tough else made right breakfast different filling reason ,line old much soon comes 
2969,Negative,place sausage gravy biscuits hard winner times silk city screwed throw ladled tasted looked newsflash people eat first taste miserably go back oh eggs philly creativity really ,biscuits hard times city throw 
559,Positive,deck theis night chill place outside enjoy adult beverage caution crowded weekend limit may wait elevator charge another place food dishes fairly priced plan give ,deck night place beverage crowded 
4899,Negative,disappointing cooking proper seasoning simple using correct amount last star fascino lack attention one cooked dente another pasta mush breast touch really finished set high ago returned days roma ,disappointing seasoning using star lack 
102,Positive,philly shame must philly piece time forgot last us world list place world even veggie see yea stars rolls clean place seat day almost half seem steak veggie alert hey philly nice cheese ,must piece forgot last world 
2581,Negative,sabrinas staffed bunch space care already established recent check given minutes food waitress came see needed change times final ready friday morning meh admit french savory dishes well fritattas often southwestern trying together sit eat day nolib ,staffed bunch care already recent 
181,Positive,world battles best steak really ugly people philly way downhill tony darn however father south used work italian make cheese rolls hand also raised enough got pork sandwiches steaks come around eat space come right know order window line want anyone holding line cell line paying window told go back rude element nazi place think charm whether onions something american wit th sound want sound local onions wit especially will steak cheese self respecting knows will cheese wiz invented sold provolone melts sure wiz actually conversation behind counter one day day one else told always tourists order want steak local now order steaks one window drinks fries order steak papers pot stand cherry pepper tangy bit sweet right amount see peppers sandwiches red green cherry peppers look ones pot put car cold good luck spot tables want finally stars instead quality everything confrontational xenophobic customers sell fries french raised find better steak liberal find city philly going back usually let cravings mouth watering sliced steak soft melted peppers birch beer cheese intake right understand cheese steaks try make mind ,world best steak really ugly 
174,Negative,go run owned bigoted racist piece human filth notorious short owner joey vento signs provide service people english said please speak defended court claims current immigration situation states issue speech course actually deny customers treat however belies deeper problem vento first language anything english real americans false makes offensive vento message distributes say american pointing reserves right service guess mr vento chestnut reserve right refuse service anyone reason tale lots refuse service someone race gender political many plenty eat steaks food tastes truly draws neon away frequently detour another block going line runs around corner line eat tastes plate also supporting filthy racist ,go run racist short owner 
195,Positive,looks place hit mainly hit still working friends reservations must since others arrived tables leave seater poor planning ended turning interested patrons digress crispy appetizer yes service come way something else entrees spice legitimate spice faint oddly pad see pad thai kinda set bigger got saw us wondering friend lemongrass soup tried bit take home another bowl take charge go open mind kill ,looks place hit must interested 
1425,Negative,usually simply dismiss move however positive pittore annoyed wanted drink talking sitting hour anything minutes make got drinks zero making food two order arranged bit places sure enough impatient ordered better take order enjoying exceptionally baked good came pasta best grocery foods section believed equally red flavorless wife brick decent grocery far restaurant made drinks nowhere finally returned menus decided cheesecake found sat time got dessert actually came ask anything wanted place fortunately check timely fashion literally ran reading multiple reviews maybe experience even will definitely returning ,usually simply move however annoyed 
256,Positive,surprised reading reviews nice informal excellent sitting friendly ordered huge extra brought ate variety food bland blt milk shake everything else good considering upscale take credit cards sure bring extra ,surprised reviews nice excellent friendly 
201,Negative,food notable exceptions calzone stromboli good huge cheap easily feed wife takeout poor spared poor always bad mood need italian food mind lousy service worth ,food huge wife poor bad 
372,Positive,fan iron since haven find alone decent found gross chicken broccoli fluorescent food almost called occasions flushing buying produce week small wanted food iron chef members super dishes tilapia hot oil three chicken taiwanese sweet bamboo shoots tofu preserved enjoyed except tofu enjoyed truly downside take food take think back plus type place things iron recommended taiwanese ,fan haven find chicken broccoli 
2067,Negative,popped lunch sniffles ordered soup found great saw crab bun back time went work person staff place crab also pretty cabbage carrot top nice touch little dry mayo wasabi fan wasabi tickling pop green tea honey ,lunch ordered found saw back 
136,Positive,ageless comparison geno less meat meat slightly seasoning wiz bread italian chewy sandwich presented wrapped easy porous meat less tender chess wiz bread crunchy sandwich much smaller wrapper oil makes eating messy general darker ,slightly wiz chewy wrapped easy 
111,Negative,tv really cheesesteak husband got tourist scene ie hall journey one apparently guide mentioned reputation woman one hard bag ordered tried quickly next one soda another little know order right give cheesesteak softer kind old meat little jucier whiz sandwich texture although skimpy enough husband provolone melted place guide pointed us market liberty wat tastier go recommend ,cheesesteak husband got one apparently 
197,Positive,campbell ave finally going jamaican going curry enough two tender flavored nicely rice nice location sit capability nice reason want try jerk first overall place great selection jamaican restaurants everywhere will west now good ,curry enough tender nicely rice 
1781,Negative,hype service long one keeps mentioning next list hostess confirm believe understand outrage us another size right door comes past grabs group across street also friend ordered benedict came pretty much hard ,hype service long one keeps 
191,Positive,one thai restaurants interior design restaurant little piece thailand service nothing short food flavorful date night green curry bamboo shoots chicken strips fresh thai basil hot tea makes perfect dining experience fairly expect enough definitely large lemongrass restaurant near drexel overall times far ,thai interior design little piece 
169,Negative,san true cheesesteak go far long mistake experts meat bad nacho cheese sauce slathered mine terribly hot sauce labeled since bf gagged repeatedly least got free entertainment managed eat bites friend finished mine stomach hurt long next bf gnar gnar gas good thing one star since sauce knows maybe ,san true cheesesteak go long 
178,Positive,comes versus chicago style pizza might going focus cheese cheese steaks overrated culinary concept time think accentuates life philly sandwiches also distinct service makes great time little restaurant patrons speak english right freedom right beliefs might offensive english first language basically going offensive place however based stellar ,comes chicago style might culinary 
1926,Negative,pilgrimage list working let pretty much whiz sitting behind counter really sandwich generally speaking away sandwich job cheeseateak think bump rating bit local right street ,let pretty sitting behind counter 
612,Positive,experiences last visit much chops roast chicken asked wait person look possible said well chicken takes minutes oddly entree last time without long amazing happy second entree lamb perfectly raved time skipped dessert last suggest ,last visit much chops roast 
162,Negative,worst steak anyone place behind counter unfriendly best right conditions steak salt pepper plastic way soggy bland real let took new philly tourist treat sorely best thus far unknown street leave rude steak place else ,worst behind counter salt pepper 
194,Positive,mixed fan close location deeeelicious fully obsessed pad see tofu way also satay thai meatballs nice amount one several visits chao phraya liked appetizer service bothered kitchen making one maybe best bring wine settle will bit wait will fyi dangerous ,mixed fan close location pad 
485,Negative,experience mid around figuring right empty issues ok waitress ordered french ordered child ordered meals waitress repeated back us appetizer plates manager come us half meal arrived minutes meal arrive started around ask minutes anyone bar eating ask meal hear us common right hear customers ordering us matter proceeds hand giving us attitude options seem perfectly fine well time wanted leave way saying something manager fine storms away also guys even brought syrup well genius pancakes menu states makes waitress stand speaking manager proceeds eavesdropping eyes middle severely behavior rome trying manager stand rolling one keep mouth quite frankly absolute limit asked us call comment child remove first allowing insult child something restaurant higher caliber service insanely gave horrible hours still appalled eat several never horrific experience restaurant used restaurants continental end today childish remain eavesdrop sincere apologies far control rectified pay food barely touched meal never go treated conflicted posting review tell wanted make apologized without probably gotten minimum even luster service hope review away restaurant people treat customers ,experience around empty issues ok 
287,Positive,one homey appearance interior everything reminds especially food long totally try home lemonade delicious got crab sunny side yummy homes fries seem eggs english muffin ham sauce fries tried hollandaise yummy finished rest try wanted think really read yelpers always hit miss breakfast ,interior everything especially try home 
1299,Negative,place wait entertained hipster yuppies flock back room understand romantic lighting maybe menu changes lot vegetarian menu split overpriced filling home ordered take meat stay think try little abbaye door way ,wait hipster back understand maybe 
241,Positive,puerto rican restaurant cheap byob eaten twice ordering roasted chicken time ordering stew also got yellow rice incredibly delicious enough food ordered cuban sandwich extremely satisfied friendly answering questions food going dinner wait long sometimes roast chicken ,puerto rican cheap byob eaten 
133,Negative,listened food started went pats given higher rating enjoyed cheesesteak reading market pat geno won us fresh meat fellow yelper pointed tourist appeal city will cheesesteak makes philly ,food went pats given higher 
263,Positive,washington today business sunday brunch little location thankfully pace customers restaurant free samples hungry diners waited toast later fries horseradish sauce especially horseradish thought staff nice cognizant wait line serve cash outdoors enclosed space preferred seated group near seeing waiting line bit know space dine pay versus news autographed awards years fancy stuff mimosas music menu items pretty cheap breakfast toast definitely definitely sweet recommend first day ever cheap atm available fee customers pay ,washington little location thankfully free 
186,Negative,oh jasmine point raved amazing ness alas let recently way share entrees family style time meat soft soaking threw tossed minutes service really sweet summer really good sticky rice dessert good seemed ,point let way time meat 
235,Positive,good puerto rican food boston appetite new la de oro alright bought salad avocado got best pernil roast pork beans friendly always old ladies bring place small casual blasting rushed door recommending fellow coffee big coffee back home ,good puerto rican new la 
1236,Negative,gets americanized decor chinatown first thing patrons asian first red decor americanized romantic dinner typical amuck talking least twice much vietnamese restaurant rolls came sitting week towels server take back due server us smell wrapper thinks fooling time shrimp rolls stink dishes admittedly thereof terrible worst ever give ,decor first patrons red typical 
340,Positive,feel outgrown party love bar food restaurant place settle instead well stop sorts prefer earlier time also brunch need staff personable easy going believe place brothers greeted us everytime great business survive often cursed location corner ,feel love place well stop 
609,Negative,really wanted decor lovely hosts friend reservation good entree friend lamb portion reduced dry restaurant lamb better taste mousse entree wonderful lamb chops said ok nothing special back prices meal ,wanted decor friend dry restaurant 
219,Positive,need cents plate tasty celery fresh amazing lager average pricing ask place tuesday lot tables stand patrons jukebox modern internet small makes clientele place either twenty somethings older made crowd making mature beat ,plate tasty fresh amazing place 
1208,Negative,brooklyn crab nearby red hook track worry loses everything ordered make ordered strawberry cares make appropriate glass shame cake way worth crumbs little raised said portion concerned know thinking sell ordered pitcher beer says think cool platter legs lb spicy peel shrimp creamy mustard kid think platter wtf stop telling business cheap watery vodka normal manhattan red hook unless fort defiance will pay anything amazing crab definitely simple salad set back oysters basement crabs crabs old bay meat noticed space nice nice sit somewhat air nyc ers inhale truck train mini golf kind rank golf frustrating anyway think wits best drunk year birthday party great place birthday ,brooklyn red hook loses ordered 
58,Positive,nai ay maybe want give people saturate spanish food light tasting less re inventions pentagonal half table bite center molecular certainly huge heart traditional smoke pulpo spanish restaurant tender well tortilla espan ola tasty kinda dry asked waiter brought us amazingly tasty based elevated exponentiallly ideal dish came sauces meatballs tender flavor meat wtf spooning sauce croquetas soft fried volcano deliciousness nice contrasting fish finally skip prices rest good good might well got santiago spanish waiter mom made home deeply envy childhood food great important supposed sadly often city herds credit cook impress go despite forced grit rather shovel restaurant repeat common stopped caring took cooking believe eating wait bus boys awesome felt made friends flamenco music dancing past reviewers amazing merit going even plays good spanish rock fan jovi etc mexican even rushed downed wine staff raved dining experience much much sure contemplated ditching avenue union square ,nai light tasting bite center 
2411,Negative,every area knows okay best fresh better place deliver breakfast lunch park walk orders change safe order tuna wrap grilled cheese years ago always menu ,area knows okay better breakfast 
438,Positive,thai food nj lot prince part close conveniently located cinemas food nuanced lots far tastes delicious nice though mall great ambiance popular spot end year holiday lunches also bring date efficient pleasant full impressive reasonable ,thai nj lot part close 
803,Negative,sabarsky inspired people walk cafe doctors ready able meal normal physical size therefore average amount food satiated three walk spent cafe hungry ha ha ha actually funny happened tried ridiculous cafe totally familiar ues par course cafe menu item smaller seriously please one bite place harmless cafe tucked museum dining experience serving spend certainly dined fashion moto least advance time sabarsky us unawares recommend unless looking really small amounts decent tasting really prices oh well tip ,people walk cafe ready able 
237,Positive,amazing rican food sofrito place puerto rican food uncle good swear perfection sooooo good honest try thing restaurants sofrito lot cheaper duhhhh service awesome staff sweethearts love ,amazing rican place puerto good 
1189,Negative,every time fairway forgetting night visited bustling thought one one saw two hostess addressed two people four people walked arrived never mind frustration quipped need crab ,time thought one saw two 
68,Positive,genos pats personally great read usual poor gotten possible tourist stop philly sightseeing philly home know stay great steaks even seek cost creepin nearly cheesesteak allow eat everyday go enjoy ,great usual stop home allow 
786,Negative,seems go beautiful outdoor patio heart palmer square mistaken mediocre consistently awful drink forever rules walk inside drink sit outside happy frequently seems aware problem ,seems go outdoor patio mediocre 
498,Positive,think place came last night seated booths service friendly thought food positively delicious scallops crab pad thai things know wish fried calamari calamari salad think large range options impressive delicious great go spot drinks friends large groups take told accommodation large ended fine without wait ,place came last night booths 
3309,Negative,decided try spot eating another outside dog atmosphere quickly immediately homemade salsa though unable eating awesome chips dip looking drink decided el boiler tequila refresco de tonronja ice well let pitcher say least atmosphere gawked food eat drink inspired light handed behind liquor ,decided eating another outside atmosphere 
157,Positive,cheese steak awesome bread caramelized onions classic philly gets service fast paced friendly owner family helped run breast cancer busy world warning including locals seems place reviews people take zealous patriotism ignore philadelphia constitution hall must philly plan competitor doubt good got ,steak awesome caramelized onions classic 
1231,Negative,wow bummer afternoon date show afterward lunch vietnam really felt punched given great experience surprised par nature entrã appetizer ban greasy seemed crepe shrimp lemon pork date trooper quagmire claypot meat lunchtime vietnam strategy tasteless guess higher expectations lunch two ,wow afternoon date lunch vietnam 
299,Positive,diner diner line weekend patience staff comes sausage anything appease recommend eggs variety pancakes sweet cinnamon butter shake place old shake diner inside decor definitely frills traditional diner say walked even recommend going frequently go sunday now open work everything ,diner line weekend staff comes 
544,Negative,meets city suburbanite types sick neighborhood applebees chairs bathrooms sweet cocktails feel sarah state college now newly acquired yr guys break favorite men jeans hair gel dress american shirt actually dress take date guarantee ,city sick bathrooms now acquired 
419,Positive,returned cancun day craving mexican guacamole chunky cochinita filet name food melted mouth plantain negative waiters son time son took us menus take order stop eat ,day craving mexican filet melted 
183,Negative,overrated steaks others city hot looks cat tastes horrible views french bunch speak languages tempted shiny inferior oh yeah time one dude us wanted seemed work vigorous go pats bigots anyways ,overrated steaks city horrible views 
202,Positive,around gem menu honest burger bland crumbly fries crispy wings dream boys solid cauliflower greens delicious things tasted city love always solid menu people something time definitely shot good ,crispy wings solid greens delicious 
6747,Negative,review rave want spot bumping random grabbing place regulate many place drinks super awesome really grabbing bar much mean saw girl next drunk move bouncer finally came ,review want many bar mean 
31,Positive,best stars give stars everybody served super friendly tell enjoy working insanely hiding homemade celebrate okay us first frown upon uno kept finished eating cut slices even packed leftovers washed one uno tip appreciation food seafood life also sangrias favorite tropical chorizo con cebollas also already says lot rarely go places definitely soon coâ ,best stars everybody served super 
1261,Negative,try honestly options go good sandwich decent pasta content even option menu days go menu lamest vegetarian meal fries beet one dated add beet cheese jersey really really really worth tomato bright way much also got pork sandwich finish dog maybe maybe specials sitting table planning ,honestly options go sandwich decent 
393,Positive,cuban searching low decent place take basic concept make something pretty example look couple bites hooked flavor use miami pretty say much better drink restaurant really timy inside will sangria purse ,low place basic make something 
829,Negative,hello last night meal float service white arrived members street station given menus ordering actually nothing noted new policy priced meal must server offered checks manager came told us good people food front tolerable priced fix options next since la la carte menu items available carte available groups smaller mother burrata sister scallops thinking table bottles wine visitors job tell experience enough silly rules quality table look jerks ,service arrived street given menus 
277,Positive,awesome brunch line door corner ask hot cup coffee wait line others samples foods pancaked fries etc foods toast best guy mainly quality prospect made enjoy going eating walking park walking around lot yes awhile award star place based ,awesome line corner hot cup 
707,Negative,really forward spot south love great biscuits unfortunately experience sub par nye afternoon industry wanted catch food menu coming got table minutes getting nice catching waitress came table brought glasses asked coffee appetizers immediately seemed cafe half full time veggies brought welcome nice veggies wilted looked thought meant pickled dip nice water glasses eggs different nice fried tomatoes blah waitress suggestion couple biscuits recommend sharing came biscuits really made hard cut ate biscuits quickly hungry ingredients biscuits also grocery mesculin mix biscuit wilt put sandwiches also food different georgia lived flavors savory salty love mustard coleslaw meal gross tasteless disappointing waitress couple mildly something busy right second made create waitress lacked set table waitress experience uncomfortable also despise pay ipad give tip hand waitress although justify industry think cafe slow comfortable need table appears convenient give another completely baffled feel ,south biscuits experience sub afternoon 
49,Positive,awesome sangria pretty ordered estofadas chorizo grilled gambas al ajillo shrimp garlic almejas spicy sauce al ajillo chicken garlic sauce unlimited bread crusty perfect clams really spicy tolerance food great expecting disappointed favorite large goodness portion sizes definitely end secondly six sangria one previously mentioned red wine based sangrias dryer mango tropical flavored sangrias sweeter champagne sangrias sounded delicious mango flavored us expected give us small brought giant sample definitely ended champagne sangria hour pitcher special whole night glass happy hour service arrived bit unnecessary wanted points bar waiting come happy order also nice pretty easy haha glasses always filled patient willing explain menu empty tuesday food might busier night solid reminded trip madrid going back ,awesome sangria chorizo grilled gambas 
853,Negative,penn excellent perfect cozy take de rigueur brunch comfy beers laid delay menu pictures dogs everywhere food mediocre bread honey delightful stuffed fingerling everything else tastes expect except busy one ,take brunch beers menu food 
551,Positive,everyone go atmosphere feel sure seats smell diner expected still two seater hey appeal amazing friends got plate bbq chicken open faced shrimp quesodilla cheesesteak egg rolls got dessert cheesecake blondie banana stating good drinks really good slightly pricey amount give saw champange cocktail instead got gin martini rangpur lime delicious friendly ever got great us def friends though slightly ,feel sure diner hey amazing 
264,Negative,want place overall experience came morning enjoy long moving however know take table people two seated host two literally said five seems restaurant made let ordered pancakes ok rock eggs cards even sign walked without paying instead walking washington atm ,want experience morning enjoy long 
46,Positive,stars say place menu galician done quite excellent complaining now really love see bit unconventional style well served friendly see portion relatively short arrived minutes night despite us went table make available us minutes tell brought dishes quickly yet everything made beer selection estrella tap needed go octopus definitely coming good ,stars say place excellent really 
100,Negative,comes city compete others yes world wide dumped thousands seen international across well know cheese steak followed reason always want greasy thrown roll onions go places city put higher quality prime example location ,city across know cheese reason 
292,Positive,visit got charm full either service side pork sausage harvest sweet eggs easy specialty strawberry cinnamon nice syrup sausages much better nicely prepared split grilled side giving little setting props servers paid attention gus assuring everything excellent giving valuable advice another business ,visit full side pork sausage 
5935,Negative,know place tribeca went duty across first super expensive basically diner mac cheese came salad office chicken wrong things will going anything else better area subway two ,know went across first basically 
239,Positive,rotisserie large portion rice black puerto mom make puerto rican owned oven skin perfectly encapsulating juciness wish lived city definitely worth trek cheap homey soul left york places good water go someone knows place spot gringo mile away ,large portion rice puerto make 
1185,Negative,bar downstairs everything served plastic even bar make mojitos hot summer day place make overheard vodka lemonade plastic still new come bubba ahead check might drink ,bar downstairs plastic even summer 
216,Positive,think good cheap lights standard fare deserves lot credit everything fairmount pricier second remained dive bar feel consistently serving quality bar food sandwiches breast asparagus reasonably priced always super crispy thin happy hour specials great definitely favorite spot last minute ,good cheap standard fare lot 
1175,Negative,review time went fairy tale breakfast stressful flight excited place within distance however every subsequent visit plum one assuming owner nice others desired wandering tossing plates onto tables without food super last hit miss one vegetarian option bean unless ask without meat every hours check seldom updated times find closed guessing relying able real bummer lot many getting bored something inconsistent ,review time went breakfast excited 
295,Positive,friend turned yelp find place past looking address ass shattered realized ass corner line indication wait long asking group friends find past waiting line seemed moving pretty ordered food waited banana walnut pancakes home pancakes divine first bless taste buds long pretty large one amount banana yet fluffy right fan used agave syrup home trader soooo good disappointing flavor probably time friend bacon home fries judging frequent grunts eye rolling every bite go back safe assume recommend sure ,find place looking ass corner 
332,Negative,place two different sometimes lousy percenty go food good times nature maybe two different lead ordered stuffed burger last special came roll second burnt roll sent back rare parts raw want back seem someone else check let go fan atmosphere also fantastic lamb review right done come ,two sometimes go food times 
455,Positive,first time night drinking delicious brisket soft life earth know intoxicated taste tend lie back time test went days ago go back tacos tacos really cast spell will frito pie must genius boyfriend regretted besides food service usually point pleasant waiters waittresses prepared promptly place conveniently located near post game concert pit stop ,night drinking delicious brisket earth 
1298,Negative,second good place never ignored going things waitress time sit outside least minutes noticed us going drinks waitress informed menu ordered plate fine beer neglected stop back minutes waitress wanted asked check waitress gracious minimal service will business ,second never ignored going waitress 
240,Positive,everything high hopes local real deal type thing since live blocks definitely rotation give place lot atmosphere personally opra background street folk warn others enjoy nicer terrific missed sauce yum onions ,everything type thing definitely place 
790,Negative,went despite thanksgiving menu left thought nothing special ordered tasteless arrived looked busy considering place weekend hard excuse service ask three considering bland food least bigger portions second dinner several hours later ,went menu left thought nothing 
657,Positive,one best greek outside queens authentic every discerning must astoria ambiance gorgeous albeit tiny terracotta back corner area corner cerulean blue whitewashed walls pylos plentiful calamari beef dough goodies eggplant thin crispy perfect lamb shank time many us reached main much delicious ,best greek queens authentic every 
1174,Negative,many places saturday think area serve three since already tried crazy decided lot smaller show outside window menu will sit yes know far food concerned okay got spinach avocado jack omelet bit oily good toast one toast sure even back think ready try next restaurant list please please know find good ,many places saturday think area 
306,Positive,tom oh man decided brooklyn museum always sure leave little early go lunch complementary waiting line limited sausages slices service one insane areas ever ordering hard everything menu delish friends something plates also yes insane spoon partial friends rickeys might wanna especially cavity year ,oh museum always sure little 
5298,Negative,overpriced impression got katsu curry decided hama brodate rui wheel katsu expecting large hot plate curry katsu goodness sorely came full serving strips curry four katsu pretty much width small fist complete joke point stormed throwing money table far better lunches area better exactly surprise anyway portion ,overpriced got decided serving four 
236,Positive,pork chops ten going bland piece sitting lamp prior dela total two ass muy chops flavorful pig served yellow tore tore cooked pig give five bumps pig place small wait full couple right behind us well waiting leaving place sipping surfing walks behind sticks money register laptop table company looked situation situation big frown faces surfing guy got friend tried plantains none us think enough subtract pork chops bueno staff enjoyed back fa sure chop bookmark place ,pork chops piece total ass 
134,Negative,end throngs people crowds back decide first juliet boned etiquette window birch windows proclaim next presidential warnings speak english correctly star spangled party rally secure table beast tear long shaved meat juicy sweet weeping cheese well cheese nothing special anemic ingredients birch wash cheese fries good though work way food chain prepare step paying printed one provolone translation provolone local takes hands back change another guy shoves sub getting available seats people nearest table wolfing lunches one standing rails close together brisk apart easily onslaught cheese met nothing nada bupkis taste bread onions tarnation eat slowly rolling bite tongue tease flavors preparation ruined secret weapon taste buds try competition word read half say profile ,people back decide first window 
203,Positive,little christmas lights loved ambiance makes traveled little tucked maine ambiance impressed vegan delicious solid good balance make savory include veggie empanadas larger party two empanadas order veggie wings really tastes sprouts amazing ,little christmas loved ambiance makes 
1610,Negative,orders buttermilk chicken fried parched dry really pay old bird sadly worst chicken ever compounded faith shaken red bonchon stat rating short ribs japanese pumpkin syrup short tender moist meat falling delightfully fluffy thick maple ,orders buttermilk dry pay sadly 
692,Positive,eating feels time go learn new food cooking technique never heard go go recommendations feels chef feels delicious also music funky tried backyard looks tasty online casual try ,feels new cooking recommendations delicious 
5962,Negative,lovely service decided brunch odeon called made never thing minutes normal brunch headed bar oj shockingly peaced food looked decently casual menu obsession somewhere affordable oh record drunk one ,service decided brunch called made 
259,Positive,goodness think every variant menu delicious favorite far sweet pancakes sweet fluffy lightly cinnamon best thing compound butters errrrmerrrzerrrng pork goodness moar plz booths tiny cuddling meal oh cream ever native ,every delicious favorite far sweet 
1112,Negative,place looks nice felt cafeteria comes quick feeling want leave fast feels turn returning customers good food though drinks based make gets shouting close together cant pass much happening want feel hs come high hopes will feeling ok ,felt feeling want leave fast 
304,Positive,gem many say amidst real temp door wait waitress came food less got kidding done believe thats done sweet pancakes side turkey chorizo friggin gooey perfect batter sour tone balanced potato cheddar grits adorned mayonnaise sauce hit spot also vanilla egg according cream thunk yeah looking wonderfully special authentic find wait ,say temp came thats sweet 
351,Negative,meh michigan bad special though really looking marakesh merguez sausage unfortunately sausage toppings top moroccan mediterranean bland fries good aioli maybe wanted go eat though ,meh bad special though top 
442,Positive,hooray great bbq last least past meat falls perfect fatty brisket tender juicy southern cooked mac cheese eats runny sad kind cheese kind beer served mason nice style also chili meat enjoyed alone bit nice thing pound portions make share taste everything fat going burst enough food little pies perfectly options kale protein collards top place darn overall busy music unfit ears summer sit noise far bar teenage angst loud southern style cue lover feel shout crappy music anything around wheeler ,great bbq last perfect fatty 
1003,Negative,blue ribbon maybe last looking reviews check number make sure restaurant lo behold trip website confirmed menu always one star epic regarding restaurant category blue ribbon narrowly avoided one host equal friend one table close clearing check told wait one ignored host back given already brush stays open late aware patrons might come bite eat brusque service poor blue ribbon finally disturbed order quite selection made simply matched night republic available moved time noted hipsters quite smitten proclaiming affiliated state texas choices led designer poop directly meal whole bit immature couple old atmosphere food welcome steamed started pierogies pierogies steamed try rather also sauces meat filled far part selections pierogies hastily vulture thing rest based grilled shrimp remoulade certainly dish certainly shrimp spicier remoulade deep server took away raw impressed less praise raw thought well cocktail sauce wondered pungent shallot prepared mask manner away dc food critic often stated asian eclectic array options asia suspect blue ribbon looking price absolutely nyc extensive amount dining reason go number two blue ribbon ,blue ribbon maybe check number 
66,Positive,quality ingredients tasty meat fresh know put together amazingly clean inside something proud props friendly respond pats experience folks epiphany alot build locals expectation beyond lets start sandwich basic ingredients pieces together determines outcome product lucky many steak choices introducing favorite find great steak ,tasty fresh together clean something 
3081,Negative,used great day overpriced however last paid failed impress good bottled food gone downhill lately menu changes seasonally special food fails prices end food ct york food far saying terrible although visits near prices caseus menu lot apps entrees choices grilled cheese worse cheese costs half costs hit cheese truck drive bit great great restaurants area looking meal ,used overpriced however paid failed 
326,Positive,diet place served orange distributed friendly decor changed standard diner fare pancakes assortment butters including butter butter breakfast food well usually eyes stomach milkshake end stuffed great value recommend cherry forewarned will leave smelling diner downside place closes owned vacation week sometimes ,diet place served orange friendly 
860,Negative,hot dog ordered paying hotdog really tasty luke warm plate received burger awesome everything handled professional way although felt sick outside service waited really long waitress busy way ,ordered paying luke received burger 
696,Positive,love place left happy ingested menu seasonal delicious didnt around weeks cant super remember ate smoked fish homemade dish coffee definitely come back wait staff friendly uber brooklyn everything satisfying ,love place happy delicious super 
2087,Negative,see fuss went place one front hostess seating back kitchen even angle squeezed wall table given uncomfortable maybe seats make case larger common sense go walk maybe minutes upset decided try food although put damper night now people yet spotlight come food mediocre best trader make plate honestly watermelon meh green chili cheap altogether uninviting never solely terrible ,see fuss went one front 
189,Positive,friend greeted aromatic delicious food well share orders lemon grass see panaeng curry spring came quickly beautifully fragrant tangy right amount grass order pad see appropriately sweet spicy crisp carrots delicious jasmine ,delicious well share lemon grass 
342,Negative,place truth hill service always say generous portion beef pork horrible taste servers rude one wants ignored speak definitely others served day many around unless broke recommend ,hill service horrible taste servers 
262,Positive,came sunday line soon got someone offered cool later us cookies minutes came offering try amazing going part french fries instead home fries ok one best comes take spicy boyfriend pancakes got rickey drink tried reviews workers service pretty quick although moves quickly come back way saw sign coney might give ,came line soon cookies offering 
3349,Negative,place went received usual burrito real sausage mistakes definitely attention reacted combatively without even proceeded tell definitely real meat previously month options aforementioned along toast coffee ,went received burrito real attention 
30,Positive,dinner friends tapas good size ripped bite size plate charge dishes definitely recommend chicken croquettes patatas braised chorizo quail manchego cheese stuffed salted mussels decent mussel small pomegranate sangria mango sangria especially pomegranate person price food thing loud flamenco lost music noise checking ,dinner tapas good size bite 
1954,Negative,word unimpressive east great food mushroom bruschetta cheese goat cheese exactly says special burrata anything write home pasta decent heck sauce completely hospitality wasting time came minutes sat simply said ready fast want italian wine definitely try erminia ,word unimpressive food mushroom cheese 
290,Positive,let well moves quickly two diner good lunch items omlettes looking brisket side turkey club french fries cole really side gravy turkey club average good fries good special sauce extra half nice asked cherry lime everyone described temple sound enough bring us glass try tasted much solid cheap filling diner ,well moves diner good looking 
3714,Negative,review service excellent always hostess coworkers worker giving us wait longer lunch hour work dilly daddle third asking table now cross waiters setting table starts chairs table ready us rudeness even enjoy meal thank rudeness bcd hostess care take innocent customers came lunch ,review service coworkers giving us 
220,Positive,regular since almost lived district majority time hangout college crowds go places feel relaxed hangout shout heard mess people really random guess shows really diverse guys sitting around watching game fans shouting flat screens filled cw work filled overflow old though owner place occasionally round regulars salad best thing ever eaten early around entertainment every sunday rest time radio jukebox patrons feeding whatever problem place size celtic wall definitely always clean crisp ,regular lived college feel relaxed 
2624,Negative,awful ten minutes anyone came waiters bartenders us door restaurant move sat girlfriend ridiculous time waitress came take order complain service anymore food delicious really fact shame service failed horribly ,awful ten minutes bartenders us 
349,Positive,late friday attending flyers exactly late snack fresh dogs hard find level huge hot dog selections decided basic coney fish good quality nothing fresh grilled crusty buns enough hold everything drink fries crispy aoli loved place cheap wish one near house stopping town ,late friday exactly snack fresh 
1146,Negative,maybe ear inn bar list thinking hybrid fraunces wow bars aura awesome hell fraunces even sports kickass needs serve kinds beer inn hand cool away hudson river maybe dedicated neighborhood swear decor pub small living bar due decision bazillion tables front area awkward exchanges patrons staff walk beer nearly growled wife returned almost undrinkable gin part tonic limes strike two finally seated took minutes burger read city received thick bun friend barely shrimp pasta wife come powder strike mean know bar food feature nyc standard also offer good bar good booze fun needless say chose order round waiter around left soon possible hit ,maybe bar thinking wow even 
733,Positive,place twice next back tried many dishes say fan everyone aroma dish classic especially roasted sprouts might overlook coconut rice please best soi noodles bit weak spicy foods mussels dish served pineapple broth deep fried baos crispy pata slightly traditional dish good sauce served flan ice cream amazing halo love every dish chill personality also see leah night ,place next dishes say fan 
5940,Negative,though service outstanding food best burger small fries well meat bland worth odeon charges put burger dollars mediocre burger unconscionable many good city burgers diner fare arm buck east google ,though service food burger fries 
461,Positive,excellent food reasonable really liked back ordered paso corn chili fan goat bit overpowering brisket brisket good juicy meal chili corn good green onions queso chili expected brisket soup seasoned really well stuffed end definitely back try ,excellent reasonable really liked corn 
142,Negative,excited first time wanted cheese night one compare contrast two heard many times celebs go blah fail dry meat flavor raw annoying onion taste mouth got teeth ughhh ur money tasted nyc hype bright lights across watching make taste way bread soft steak chopped juicy peppers cheese regular american cheese good non less gents winner ,excited first time wanted cheese 
318,Positive,finally eggs correct service really cup coffee french amazing horseradish sauce cinnamon whipped cream brought line knew outside neighborhood walk great experience think found regular line came chocolate chip cookie yeaah open ,really cup amazing sauce cinnamon 
2102,Negative,ate food restaurant seats cummunal tables tight food kept giving lack attention example menus printed paper wrinkled stains check meal came envelope custom note touch must admit however food expect average meal costs ,ate food restaurant seats tables 
423,Positive,review think better return singing praises going away right though space waitress great sort bowl amazing generous tempted star menu night sweet plantains cream caramel sauce well worth rolled side full may something ,right space great amazing generous 
5857,Negative,restaurants review find want veggie community needs first salad promised paired vegetables instead lump throughout vegetarian restaurant done better ordered duck satisfying even charitably described duck whipped sweet desserts cheesecake dense cake vegan mysteriously real issue seemed constantly ordered never recorded duck order properly excuse wander around room ordered table orders hear take sandwiches dining room horizons better ,restaurants review want veggie needs 
379,Positive,go dinner time full way salad wrap learned thinking way house salad well worth realllly dry huge wrapped muscle maker lunch enjoy yet wrap mistaken good job will ,dinner full wrap well wrapped 
1430,Negative,one coming diner food pretty bagels lox chicken sandwiches soup nazi ordered omelet dry toast toast burned waitress explained strict fired time will burned missing sense waitress went managed two ask replacement piece omelet incorrect back feel message practices place customer come first tell waitress best trouble place two starting ,one food pretty ordered omelet 
57,Positive,enough table immediately even without reservation turned everything went right nai perfect atmosphere tastes great great decently cheap dancing dishes wine end meal two great really enjoyed octopus amazing music dancing loud might chatty ,enough immediately without reservation everything 
2412,Negative,want came one take plus charged dollar exact please help math back even looked wondered instead answer pretty damn disappointing rounded sometimes know plain unlucky scam difference business respectful business deserve food round things less never ,want one take plus charged 
272,Positive,place love breakfast place pancakes either apple chocolate chip heard good kinda omelets wide variety one thing usually cream one shakes amazing breakfast time day line goes ,place love apple chocolate good 
1890,Negative,went weekend number mentioned chalkboard discovered meal people probably ordered soft shell crab boy tofu sweet mysteriously contained sweet potatoes probably worst meal hash hand good little greasy little cafã best part although served meal one doubt go ,went number people ordered soft 
894,Positive,place ever since opened enjoy nicas great neighborhood far best hang outside rock weather nice pino great lengths welcoming friendly will often order upon see something rated things wanted inconsistency food messed order guys work cute god guys ,place great neighborhood far best 
3305,Negative,place huge minutes someone finally ask friend mind middle day came take order another good friend impatient nachos mango pork burritos nachos best barely pork sriracha flavorful see back ,huge minutes someone finally ask 
215,Positive,now favorite second tonight service food beyond menu selection good time trying order brunch awesome blt bacon sad bacon even freaking good boyfriend got also important note ordered one one wish ordered beer cedar mary wish bartenders good said day dinner amber waitress top sucking back refills ordered veggie wings brussel sprouts start phenomenal explained us make back including wings wish seitan tried chef refuses serve personally boyfriend option menu went cheese original hey average good place huge sketch anywhere even cedar point cooked perfection sooooo fresh grass brioche bun way compliment place solid cheese burger among need anthony table say hi introduce think took people businesses neighborhood businesses personal introduction told loved back often wish lot luck really great ordered pie dessert average effing good tell menu places grow farm one really shop gets will seating really nice spring go bring friends fishtown ,favorite beyond selection good trying 
2172,Negative,stars atmosphere great food idiot manager seating hour waited two top manager continued us girls wait list tried keep process waiting patron yelled meek waiting begin decides start screwing never seen horrible customer service life say disappointed management stars possible surprised place ,atmosphere food hour two top 
476,Positive,really continental lunch always tasty never center restaurants lobster mac cheese one favorite dishes sizable casserole plenty yummy lobster perfect crunch friendly prices great friends family casual weekend ,really continental always tasty center 
775,Negative,turned experience last many went put told wait hour went street waited well half called ready joke minutes sat making total wait strike incorrect time showed waiter negligent wait assumed wait yes mean point drinks right everything delicious perhaps bit dish anyway now almost midnight dinner ask two wine waiter us closing say meant leave got first time even remotely rude night though pretty annoyed strike dude extra minutes going tell us prior closed bill actually pig afford snacks actually rest menu friendly apologetic friends going back ,turned experience many went put 
34,Positive,friday dinner surprised nai still availability short food service reservation never gave time waitress friendly checked different pitchers pleasee liking wrong bomb croquettes flaky steak patatas bravas bit mealy chunks big opt patatas nothing stood wow fantastic layout seating ambiance warm friendly recommend anyone group ,friday dinner surprised nai reservation 
1002,Negative,used think loudness despite judgemental finally used love place never execution wonderful bothered try marrow interest blue replicate kitchen follies tolerating ribbon experience anyone go blue bone fried tried along marrow better restaurants marrow benchmark marrows till underlying sea slices bread perhaps reason anyone come see hold nose watching going nice dresses nice couple talking elderly right blue nuts dude waiter go waiter water thinks taking orders time trying bone marrow course new york city meal goes hope enjoy stay york dude classier second time told listen last time wanted marrow eat remainder dinner elsewhere want wine fois gras nothing bone oh tolerated times ,used think finally never blue 
